title,description,url,publishedAt
Andy Reid wasn’t impressed with Patrick Mahomes’ behind-the-back pass,The Chiefs head coach seemed rather unfazed by the play.,https://nypost.com/2024/08/22/sports/andy-reid-wasnt-impressed-with-patrick-mahomes-behind-the-back-pass/,2024-08-22T22:50:41Z
Animoca Brands-Backed Soulbound Raises $4 Million for Web3 Social Gaming,"Startup to revolutionize streamer, creator, and game studio economy for $272 billion gaming market Startup to revolutionize streamer, creator, and game studio economy for $272 billion gaming market",https://www.globenewswire.com/news-release/2024/08/22/2934602/0/en/Animoca-Brands-Backed-Soulbound-Raises-4-Million-for-Web3-Social-Gaming.html,2024-08-22T20:15:00Z
Where to use Skandha items in Black Myth: Wukong,"There are five Skandha items in . In fact, one of them can be obtained very early in the campaign, though the description itself seems rather confusing –you’re simply told that it was once “hidden inside Buddha’s head” and that “its secret is yet to be reveal…",https://www.digitaltrends.com/gaming/black-myth-wukong-skandha-items-guide/,2024-08-22T17:26:54Z
"To use Apple Cash, you'll need to submit your ID for verification starting from October","Starting in October, Apple will require you to submit your ID for verification to use Apple Cash, thanks to new regulations that are coming into play.",https://www.imore.com/iphone/to-use-apple-cash-youll-need-to-submit-your-id-for-verification-starting-from-october,2024-08-22T16:47:49Z
Elecrow CrowView Note – Efficient workstation portability,"NEWS – We live in a world where convenience and portability are key components that drive the vast use of technology. Personally, my need for portability has evolved from just a laptop to a mini PC and a device that integrates, the screen, keyboard, and audio…",https://the-gadgeteer.com/2024/08/22/elecrow-crowview-note-efficient-workstation-portability/,2024-08-22T16:30:27Z
Union Home Minister Amit Shah receives Rs 19.08 crore dividend of Repco Bank,"Union Home Minister Amit Shah received a Rs 19.08 crore dividend cheque from Repco Bank, which reported an impressive 11% growth for FY 2023-24. Shah praised the bank’s achievements and commitment.",https://economictimes.indiatimes.com/markets/stocks/news/home-minister-amit-shah-receives-rs-19-08-crore-dividend-of-repco-bank/articleshow/112718459.cms,2024-08-22T16:20:48Z
CNBC's Inside India newsletter: The search for a stock market alternative,Indian bonds attract foreign investors as Wall Street forecasts lackluster future growth in stock prices.,https://www.cnbc.com/2024/08/22/cnbcs-inside-india-newsletter-the-search-for-a-stock-market-alternative.html,2024-08-22T16:02:38Z
Ahead of Market: 10 things that will decide stock action on Friday,"""On the daily chart, Nifty continues to move towards the upper Bollinger band. Additionally, the index has been sustaining above the critical near-term moving average. Sentiment may continue to favor the bulls as long as it remains above 24,650. On the other …",https://economictimes.indiatimes.com/markets/stocks/news/ahead-of-market-10-things-that-will-decide-stock-action-on-friday/articleshow/112717840.cms,2024-08-22T15:39:04Z
Red-hot thematic investing theme receives a 'passive' boost in July,"Thematic Investing: Index funds add 1 million folios in July, 14% of total additions",https://www.business-standard.com/markets/mutual-fund/passive-boost-for-red-hot-thematic-investing-theme-124082201100_1.html,2024-08-22T15:19:22Z
"Market Trading Guide: Bharat Forge, Godrej Consumer among 6 stock recommendations for Friday","Indian equity markets surged on Thursday, tracking global peers, after minutes of the US Federal Reserve's latest policy meeting signalled a rate cut as early as next month. The S&P BSE Sensex closed 0.18% higher at 81,053, while the NSE Nifty50 index ended a…",https://m.economictimes.com/markets/stocks/news/market-trading-guide-bharat-forge-godrej-consumer-among-6-stock-recommendations-for-friday/stock-ideas/slideshow/112717688.cms,2024-08-22T15:16:20Z
Harindarpal Singh Banga to sell 1.4% in Nykaa for Rs 809 crore,"As outlined in the bankers' term sheet, the Bangas intend to sell 4.09 crore shares at a floor price of Rs 198 per share, representing a 5.9% discount to Thursday’s closing price of Rs 210.",https://economictimes.indiatimes.com/markets/stocks/news/harindarpal-singh-banga-to-sell-1-4-in-nykaa-for-rs-809-crore/articleshow/112717024.cms,2024-08-22T14:56:14Z
"Allocate 5-10% to banking funds to gain from rate cuts, valuations","Banking Fund Investments: Since banking and financial services is a large listed space, it has 55 passively and actively managed funds. The most recent addition is Bandhan Nifty Bank Index Fund",https://www.business-standard.com/finance/personal-finance/allocate-5-10-to-banking-funds-to-gain-from-rate-cuts-valuations-124082200839_1.html,2024-08-22T14:53:17Z
Samsung’s 128GB mini flash drive is dirt cheap right now,"If you need a quick little flash drive for moving files between devices, you can’t go wrong with the Samsung Fit Plus — especially when the Samsung Fit Plus (128GB) is on sale for just $15 on Amazon.




This is an incredible price for a nifty little accesso…",https://www.pcworld.com/article/2435417/samsungs-128gb-mini-flash-drive-is-dirt-cheap-right-now.html,2024-08-22T14:28:54Z
"MSI Shows off MPG X870E Carbon WIFI Motherboard: 20 VRM Phases, Dual USB4 Ports, EZ Clip M.2 Slots & More","MSI showed off its upcoming MPG X870E Carbon WIFI motherboard at Gamescom 2024 which packs a lot of great features & IO capabilities. MSI's MPG X870E Carbon WIFI Motherboards Packs A Ton of Features, Strong Power Delivery & Great IO Capabilities The MSI MPG X…",https://wccftech.com/msi-mpg-x870e-carbon-wifi-motherboard-20-vrm-phases-dual-usb4-ports-ez-clip-m-2/,2024-08-22T14:25:40Z
ASUS Brandishes X870 And X870E Motherboard Arsenal For Ryzen 9000 At Gamescom,"AMD has recently launched its Ryzen 9000 series CPUs, including the flagship Ryzen 9 9950X. While these work perfectly well with existing AM5 X670 motherboards, ASUS has some new products up its sleeve. 

Encompassing the new X870 and X870E, there are various…",https://hothardware.com/news/asus-brandishes-x870-and-x870e-motherboard-arsenal-for-ryzen-9000,2024-08-22T13:29:00Z
"ET Market Watch: Sensex gains 148 pts, Nifty up 24,800 on positive global cues","Indian markets closed in positive territory on Thursday, following gains in Asian and European markets. This is due to FOMC minutes indicating a likely U.S. rate cut next month. Sensex gained 147.8 points and closed at 81,053, while the NSE Nifty50 rose 41.3 …",https://economictimes.indiatimes.com/markets/stocks/etmarkets-podcast/et-market-watch-sensex-gains-148-pts-nifty-up-24800-on-positive-global-cues/podcast/112715531.cms,2024-08-22T13:22:29Z
Watch RuPaul Demonstrate How To Change A Tire On His Vintage W113 Mercedes-Benz Pagoda SL,"RuPaul Charles is best known for creating and hosting the global hit reality TV series “RuPaul’s Drag Race,”but Ru is also a car guy. In fact, in a March 2024 interview with NPR, Ru said, “I love cars. They represent freedom….” Ru’s first car video starred hi…",https://jalopnik.com/watch-rupaul-demonstrate-how-to-change-a-tire-on-his-vi-1851628359,2024-08-22T13:15:00Z
Fashion retailer Trent shares jumps over 3% ahead of Nifty rejig,Trent's addition to Nifty will take the total count of Tata group stocks in the 50-share index to six,https://www.business-standard.com/markets/news/fashion-retailer-trent-shares-jumps-over-3-ahead-of-nifty-rejig-124082201053_1.html,2024-08-22T12:47:23Z
"Tech View: Nifty charts in favour of bulls, support at 24,700-24,550. Here’s how to trade on Friday","According to Chandan Taparia of Motilal Oswal, the Nifty needs to stay above 24,700 to keep pushing towards the 25,000 and 25,100 levels. If it drops, there's support at 24,700 and then again at 24,550.",https://economictimes.indiatimes.com/markets/stocks/news/tech-view-nifty-charts-in-favour-of-bulls-support-at-24700-24550-heres-how-to-trade-on-friday/articleshow/112713909.cms,2024-08-22T12:22:59Z
Merrell’s GORE-TEX Hybrid Boot Is an All-Terrain Beast,"Merrell 1TRL, the syle-focused division of the outdoor footwear label, has just created the ultimate hybrid shoe: the Merrell 1TRL AGILITY PEAK 5 GORE-TEX.",https://www.highsnobiety.com/p/merrell-agility-peak-5/,2024-08-22T12:20:30Z
"Barometers extend gains, Nifty above 24,800 mark; VIX drops to 13","The domestic stock market closed slightly higher today, driven by consumer durables and PSU banks. However, media and IT stocks pulled back. The Nifty50 ended above the 24,800 mark. Media and IT stocks, however, declined. Investors are now focused on U.S. eco…",https://www.business-standard.com/markets/capital-market-news/barometers-extend-gains-nifty-above-24-800-mark-vix-drops-to-13-124082200963_1.html,2024-08-22T12:09:00Z
Stock markets extend gains for third consecutive session amid strong global cues,"From the Sensex pack, Bharti Airtel, Tata Steel, ICICI Bank, Titan and Ultratech Cement were the top gainers",https://www.thehindubusinessline.com/multimedia/video/stock-markets-extend-gains-for-third-consecutive-session-amid-strong-global-cues/article68554411.ece,2024-08-22T12:07:07Z
Stock market update: Nifty Realty index advances 0.47%,The Nifty Realty index closed 0.47 per cent  up  at 1043.45.,https://economictimes.indiatimes.com/markets/stocks/stock-watch/stock-market-update-nifty-realty-index-advances-0-47/articleshow/112713163.cms,2024-08-22T11:56:48Z
"Warburg Pincus exits Kalyan Jewellers, sells 2.36% stake to promoter TS Kalyanaraman","Warburg Pincus exited Kalyan Jewellers on Thursday, selling a 2.36% stake to promoter T S Kalyanaraman and 6.81% via a block deal. Warburg Pincus had reduced its holding from 30% since 2014 as part of a strategic divestment.",https://economictimes.indiatimes.com/markets/stocks/news/warburg-pincus-exits-kalyan-jewellers-sells-2-36-stake-to-promoter-ts-kalyanaraman/articleshow/112712992.cms,2024-08-22T11:51:52Z
Stock market update: Nifty Bank index advances 0.59%,The Nifty Bank index closed 0.59 per cent  up  at 50985.7.,https://economictimes.indiatimes.com/markets/stocks/stock-watch/stock-market-update-nifty-bank-index-advances-0-59/articleshow/112712987.cms,2024-08-22T11:51:42Z
Stock market update: Nifty IT index falls 0.16%,The Nifty IT index closed 0.16 per cent  down  at 41506.2.,https://economictimes.indiatimes.com/markets/stocks/stock-watch/stock-market-update-nifty-it-index-falls-0-16/articleshow/112712840.cms,2024-08-22T11:46:34Z
Share market update: Most active stocks of the day in terms of traded value,The NSE Nifty index closed 41.3 points  up  at 24811.5,https://economictimes.indiatimes.com/markets/stocks/stock-watch/share-market-update-most-active-stocks-of-the-day-in-terms-of-traded-value/articleshow/112712719.cms,2024-08-22T11:41:26Z
Indian markets rise for sixth day; investors eye Powell’s speech for rate cut clues,"Market sentiment was buoyed by anticipation of U.S. Fed Chair Jerome Powell’s speech. Analysts remain cautiously optimistic, advising stock-specific focus and proper risk management",https://www.thehindubusinessline.com/markets/indian-markets-rise-for-sixth-day-investors-eye-powells-speech-for-rate-cut-clues/article68554091.ece,2024-08-22T11:41:10Z
Top 10 Retro-Themed Music Players To Enhance Your Audio Experience With Vintage Flair,"Top 10 Retro-Themed Music Players To Enhance Your Audio Experience With Vintage FlairIf you’re a hardcore audiophile or have a few hardcore music lovers in your life, then you know a true blue audiophile just needs a...",https://www.yankodesign.com/2024/08/22/top-10-retro-themed-music-players-to-enhance-your-audio-experience-with-vintage-flair/,2024-08-22T11:40:06Z
Stock market update: Nifty Auto index falls 0.09%,The Nifty Auto index closed 0.09 per cent  down  at 25563.65.,https://economictimes.indiatimes.com/markets/stocks/stock-watch/stock-market-update-nifty-auto-index-falls-0-09/articleshow/112712553.cms,2024-08-22T11:36:20Z
Share market update: Most active stocks in today's market in terms of volume,The NSE Nifty index closed 41.3 points  up  at 24811.5,https://economictimes.indiatimes.com/markets/stocks/stock-watch/share-market-update-most-active-stocks-in-todays-market-in-terms-of-volume/articleshow/112712383.cms,2024-08-22T11:31:14Z
Stock market update: Mining stocks up as market rises,The 30-share BSE Sensex closed  up  147.89 points at 81053.19,https://economictimes.indiatimes.com/markets/stocks/stock-watch/stock-market-update-mining-stocks-up-as-market-rises/articleshow/112712279.cms,2024-08-22T11:26:08Z
Why is Mirae Asset more bullish on largecaps over small and midcaps for next 2-3 years? Gaurav Kochar explains,"Gaurav Kochar, Fund Manager at Mirae Asset, notes that current market valuations for large-caps and mid-caps are higher than historical averages but are supported by strong earnings growth forecasts. He expressed a positive outlook on financials, consumer dis…",https://economictimes.indiatimes.com/markets/expert-view/why-is-mirae-asset-more-bullish-on-largecaps-over-small-and-midcaps-for-next-2-3-years-gaurav-kochar-explains/articleshow/112711811.cms,2024-08-22T11:24:03Z
Stock market update: Power stocks down as market rises,The 30-share BSE Sensex closed  up  147.89 points at 81053.19,https://economictimes.indiatimes.com/markets/stocks/stock-watch/stock-market-update-power-stocks-down-as-market-rises/articleshow/112712134.cms,2024-08-22T11:21:02Z
Want to ride India's consumer wave? Axis MF has launched a consumption fund,"This fund aims to capture the value created by India's
expanding consumer base, their changing preferences, and increasing purchasing power.",https://www.business-standard.com/finance/personal-finance/want-to-ride-india-s-consumer-wave-axis-mf-has-launched-a-consumption-fund-124082200859_1.html,2024-08-22T11:16:29Z
Stock market update: Fertilisers stocks up as market rises,The 30-share BSE Sensex closed  up  147.89 points at 81053.19,https://economictimes.indiatimes.com/markets/stocks/stock-watch/stock-market-update-fertilisers-stocks-up-as-market-rises/articleshow/112711786.cms,2024-08-22T11:10:53Z
Stock market update: Stocks that hit 52-week lows on NSE in today's trade,"Tata Motors,  Wipro,  NTPC,  Dr. Reddys and  M&M were among the top losers on NSE in today's trade.",https://economictimes.indiatimes.com/markets/stocks/stock-watch/stock-market-update-stocks-that-hit-52-week-lows-on-nse-in-todays-trade/articleshow/112711438.cms,2024-08-22T11:00:43Z
[Removed],[Removed],https://removed.com,2024-08-22T10:55:23Z
Sensex rises! But these stocks fell 5% or more in Thursday's session,"In the Nifty pack, 25 stocks closed in the green, while 25 stocks ended in the red.",https://economictimes.indiatimes.com/markets/stocks/stock-watch/sensex-rises-but-these-stocks-fell-5-or-more-in-thursdays-session/articleshow/112711018.cms,2024-08-22T10:50:34Z
Stock market update: FMCG stocks up as market rises,The 30-share BSE Sensex closed  up  147.89 points at 81053.19,https://economictimes.indiatimes.com/markets/stocks/stock-watch/stock-market-update-fmcg-stocks-up-as-market-rises/articleshow/112710805.cms,2024-08-22T10:45:24Z
"Gainers & Losers: Paytm, IndiGo among 6 stocks in limelight on Thursday","Sensex and Nifty opened higher due to anticipated Federal Reserve rate cuts but later fell from their highs. The Sensex rose 0.18% to 81,053, and Nifty gained 0.17% to 24,811.50.",https://m.economictimes.com/markets/web-stories/gainers-losers-paytm-indigo-among-6-stocks-in-limelight-on-thursday/slideshow/112710714.cms,2024-08-22T10:42:50Z
"Market Wrap: Sensex gains 148 points, Nifty above 24,800 on positive global cues, Fed minutes","The Fed minutes confirmed expectations of a rate cut next month, with most policymakers agreeing it would be appropriate if data aligns with forecasts. Market participants are now focused on US initial jobless claims at 6:00 pm IST and Fed Chair Jerome Powell…",https://economictimes.indiatimes.com/markets/stocks/news/market-wrap-sensex-gains-148-points-nifty-above-24800-on-positive-global-cues-fed-minutes/articleshow/112710320.cms,2024-08-22T10:37:00Z
Stock market update: Stocks that hit 52-week highs on NSE in today's trade,"Jet Freight Logistic,  TVS Electronics,  Lypsa Gems,  Bal Pharma and  STL Global, hit their fresh 52-week highs during the day.",https://economictimes.indiatimes.com/markets/stocks/stock-watch/stock-market-update-stocks-that-hit-52-week-highs-on-nse-in-todays-trade/articleshow/112710393.cms,2024-08-22T10:35:13Z
Stock market update: Nifty Pharma index falls 0.14%,The Nifty Pharma index closed 0.14 per cent  down  at 22546.1.,https://economictimes.indiatimes.com/markets/stocks/stock-watch/stock-market-update-nifty-pharma-index-falls-0-14/articleshow/112710141.cms,2024-08-22T10:30:07Z
Quick Wrap: Nifty PSU Bank Index rises 0.67%,Powered by Capital Market - Live News,https://www.business-standard.com/markets/capital-market-news/quick-wrap-nifty-psu-bank-index-rises-0-67-124082200962_1.html,2024-08-22T10:30:00Z
'Economy sustained its growth momentum first four months in Q1 FY25': Monthly review by Finance Ministry,The report noted that the resilience of domestic activity is also reflected in the strong performance of the manufacturing and services sector purchasing managers’ indices.,https://www.businesstoday.in/latest/economy/story/economy-sustained-its-growth-momentum-first-four-months-in-q1-fy25-monthly-review-by-finance-ministry-442614-2024-08-22,2024-08-22T10:26:14Z
"Sensex, Nifty end with minor gains; broader mkt rallies","The domestic equity benchmarks ended with small gains on Thursday. The Nifty settled above the 24,800 level. Consumer durables, PSU bank and FMCG shares advanced while media, IT and pharma shares declined. Trading was volatile due to weekly F&O series expiry …",https://www.business-standard.com/markets/capital-market-news/sensex-nifty-end-with-minor-gains-broader-mkt-outperforms-124082200773_1.html,2024-08-22T10:13:00Z
Transformers and Rectifiers bags $16.8 mn orders; shares hit upper circuit,"Transformers and Rectifiers Share Price: In the past one year, shares of Transformers and Rectifiers India have gained 481 per cent, compared to the Nifty 50's rise of nearly 28 per cent during the same period.",https://www.business-standard.com/markets/news/transformers-and-rectifiers-bags-16-8-mn-orders-shares-hit-upper-circuit-124082200685_1.html,2024-08-22T09:36:07Z
Zomato among 7 stock ideas from StoxBox with upside potential of up to 10%,"After experiencing some correction in August, the market has resumed its upward journey and investors now are awaiting the Nifty reclaiming the 25,000 mark.Below is a list of carefully curated stock ideas from StoxBox combining both technical and fundamental …",https://m.economictimes.com/markets/stocks/news/zomato-among-7-stock-ideas-from-stoxbox-with-upside-potential-of-up-to-10/potential-winners/slideshow/112707818.cms,2024-08-22T09:18:13Z
"Nucleus Software approves Rs 72 crore buyback, stock dips 5%","The company has set September 3 as the record date for the buyback, which will be conducted via a tender offer. This marks the company's second share buyback, with the previous one occurring in September 2021.",https://economictimes.indiatimes.com/markets/stocks/news/nucleus-software-approves-rs-72-crore-buyback-stock-dips-5/articleshow/112707373.cms,2024-08-22T09:08:58Z
"Sensex, Nifty edge higher; Grasim leads gains, auto stocks lag","Indian equity markets show modest gains, with Sensex and Nifty up; Grasim Industries leads gainers, Mahindra & Mahindra top loser.",https://www.thehindubusinessline.com/markets/sensex-nifty-edge-higher-grasim-leads-gains-auto-stocks-lag/article68553682.ece,2024-08-22T09:04:59Z
Cummins India shares decline 0.4% as Sensex climbs,"A total of 2,805 shares changed hands on the counter till 02:10PM (IST)",https://economictimes.indiatimes.com/markets/stocks/stock-watch/cummins-india-shares-decline-0-4-as-sensex-climbs/articleshow/112706527.cms,2024-08-22T08:40:45Z
Nintendo Is Shutting Down Animal Crossing: Pocket Camp!,Nintendo is shutting down Animal Crossing: Pocket Camp. They just announced the EOS of this popular game. But why?,https://www.droidgamers.com/news/animal-crossing-pocket-camp-shutting-down/,2024-08-22T08:38:05Z
Ambuja Cements shares gain 1.31% as Sensex rises,"A total of 54,857 shares changed hands on the counter till 02:05PM (IST)",https://economictimes.indiatimes.com/markets/stocks/stock-watch/ambuja-cements-shares-gain-1-31-as-sensex-rises/articleshow/112706379.cms,2024-08-22T08:35:39Z
Utilties stocks edge lower,"Utilties stocks were trading in red, with the BSE Utilities index decreasing  57.61 points or 0.89% at 6426.05 at 13:42 IST.",https://www.business-standard.com/markets/capital-market-news/utilties-stocks-edge-lower-124082200678_1.html,2024-08-22T08:30:00Z
Information Technology shares fall,"Information Technology  stocks were trading in the negative zone, with the BSE Information Technology index falling 138.5 points or 0.33% at 42122.06 at 13:42 IST.",https://www.business-standard.com/markets/capital-market-news/information-technology-shares-fall-124082200680_1.html,2024-08-22T08:30:00Z
Power stocks slide,"Power stocks were trading with losses, with the BSE Power index decreasing  67.96 points or 0.82% at 8264.92 at 13:42 IST.",https://www.business-standard.com/markets/capital-market-news/power-stocks-slide-124082200679_1.html,2024-08-22T08:30:00Z
Share price of Voltas rises as Nifty strengthens,"A total of 30,755 shares changed hands on the counter till 01:55PM (IST).",https://economictimes.indiatimes.com/markets/stocks/stock-watch/share-price-of-voltas-rises-as-nifty-strengthens/articleshow/112705983.cms,2024-08-22T08:25:27Z
Chola Inv Finance shares fall 1.76 per cent in Thursday's trading session,The Relative Strength Index of the stock stood at 50.13 on Thursday.,https://economictimes.indiatimes.com/markets/stocks/stock-watch/chola-inv-finance-shares-fall-1-76-per-cent-in-thursdays-trading-session/articleshow/112705837.cms,2024-08-22T08:20:21Z
Share price of Lupin falls as Nifty strengthens,"A total of 16,917 shares changed hands on the counter till 01:45PM (IST).",https://economictimes.indiatimes.com/markets/stocks/stock-watch/share-price-of-lupin-falls-as-nifty-strengthens/articleshow/112705641.cms,2024-08-22T08:15:15Z
European shares rise ahead of economic data deluge,"The retail sector rose to the top, boosted by a 5.3% gain in JD Sports after the British sportswear retailer reported an improvement in second-quarter underlying sales growth",https://economictimes.indiatimes.com/markets/stocks/news/european-shares-rise-ahead-of-economic-data-deluge/articleshow/112705575.cms,2024-08-22T08:13:00Z
Havells India share price down 0.96 per cent,"A total of 5,858 shares changed hands on the counter till 01:39PM (IST).",https://economictimes.indiatimes.com/markets/stocks/stock-watch/havells-india-share-price-down-0-96-per-cent/articleshow/112705470.cms,2024-08-22T08:10:09Z
Adani Power shares drop 0.78% as Sensex rises,"A total of 68,089 shares changed hands on the counter till 01:34PM (IST)",https://economictimes.indiatimes.com/markets/stocks/stock-watch/adani-power-shares-drop-0-78-as-sensex-rises/articleshow/112705344.cms,2024-08-22T08:04:59Z
Broader market outperforms; European mkt opens higher,"At 13:30 IST, the barometer index, the S&P BSE Sensex, gained 155.19 points or 0.27% to 81,124.04. The Nifty 50 index added 47.10 points or 0.19% to 24,817.30.",https://www.business-standard.com/markets/capital-market-news/broader-market-outperforms-european-mkt-opens-higher-124082200563_1.html,2024-08-22T08:04:00Z
10 amazing big builds,"Making something big, and  making it with Raspberry Pi",https://magpi.raspberrypi.com/articles/10-amazing-big-builds,2024-08-22T08:00:00Z
Shares of Tata Power fall as Nifty gains,"On the technical charts, the 200-day moving average of the stock stood at Rs 385.81.",https://economictimes.indiatimes.com/markets/stocks/stock-watch/shares-of-tata-power-fall-as-nifty-gains/articleshow/112704863.cms,2024-08-22T07:49:40Z
2 top stock recommendations from Dharmesh Shah,"​So, it looks like there is a long way to go for the market. Yes, in the near term, 25,000 being a psychological level, we may see some profit booking. But eventually, we should be heading towards a target of 25,200 for Nifty, with strong support at 24,400.",https://economictimes.indiatimes.com/markets/expert-view/2-top-stock-recommendations-from-dharmesh-shah/articleshow/112704569.cms,2024-08-22T07:43:19Z
Divis Labs shares gain 0.01% as Sensex rises,"A total of 3,531 shares changed hands on the counter till 01:08PM (IST)",https://economictimes.indiatimes.com/markets/stocks/stock-watch/divis-labs-shares-gain-0-01-as-sensex-rises/articleshow/112704513.cms,2024-08-22T07:39:24Z
"Nifty will double to 48,000 in next 5 years, predicts Raamdeo Agrawal","Raamdeo Agrawal, chairman of Motilal Oswal Financial Services, predicts that the Nifty will double to 48,000 in five years due to retail participation and excess liquidity. He cautions against investing in PSUs and IT stocks and urges caution in banking stock…",https://economictimes.indiatimes.com/markets/stocks/news/nifty-will-double-to-48000-in-next-5-years-predicts-raamdeo-agrawal/articleshow/112703990.cms,2024-08-22T07:38:21Z
"HDFC Asset Management Company Ltd soars 1.04%, Gains for third straight session","HDFC Asset Management Company Ltd is quoting at Rs 4435, up 1.04% on the day as on 12:49 IST on the NSE. The stock is up 75.15% in last one year as compared to a 27.69% gain in NIFTY and a 17.92% gain in the Nifty Financial Services index.",https://www.business-standard.com/markets/capital-market-news/hdfc-asset-management-company-ltd-soars-1-04-gains-for-third-straight-session-124082200534_1.html,2024-08-22T07:35:00Z
United Spirits Ltd up for third consecutive session,"United Spirits Ltd is quoting at Rs 1454.35, up 1.59% on the day as on 12:49 IST on the NSE. The stock is up 43.45% in last one year as compared to a 27.69% jump in NIFTY and a 22.06% jump in the Nifty FMCG index.",https://www.business-standard.com/markets/capital-market-news/united-spirits-ltd-up-for-third-consecutive-session-124082200535_1.html,2024-08-22T07:35:00Z
Max Healthcare shares rise 0.2 per cent in Thursday's trading session,The Relative Strength Index of the stock stood at 43.49 on Thursday.,https://economictimes.indiatimes.com/markets/stocks/stock-watch/max-healthcare-shares-rise-0-2-per-cent-in-thursdays-trading-session/articleshow/112704379.cms,2024-08-22T07:34:16Z
"UCO Bank soars 0.9%, up for fifth straight session","UCO Bank is quoting at Rs 52.7, up 0.9% on the day as on 12:44 IST on the NSE. The stock is up 58.73% in last one year as compared to a 27.67% spurt in NIFTY and a 52.68% spurt in the Nifty PSU Bank.",https://www.business-standard.com/markets/capital-market-news/uco-bank-soars-0-9-up-for-fifth-straight-session-124082200509_1.html,2024-08-22T07:30:00Z
Britannia Industries Ltd gains for fifth session,"Britannia Industries Ltd is quoting at Rs 5839.85, up 0.04% on the day as on 12:44 IST on the NSE. The stock is up 29.42% in last one year as compared to a 27.67% spurt in NIFTY and a 22.1% spurt in the Nifty FMCG.",https://www.business-standard.com/markets/capital-market-news/britannia-industries-ltd-gains-for-fifth-session-124082200502_1.html,2024-08-22T07:30:00Z
"Bajaj Finserv Ltd spurts 0.37%, gains for fifth straight session","Bajaj Finserv Ltd is quoting at Rs 1626.9, up 0.37% on the day as on 12:44 IST on the NSE. The stock is up 10.67% in last one year as compared to a 27.67% jump in NIFTY and a 17.86% jump in the Nifty Financial Services.",https://www.business-standard.com/markets/capital-market-news/bajaj-finserv-ltd-spurts-0-37-gains-for-fifth-straight-session-124082200498_1.html,2024-08-22T07:30:00Z
"IDFC First Bank Ltd spurts 2.57%, rises for fifth straight session","IDFC First Bank Ltd is quoting at Rs 75.52, up 2.57% on the day as on 12:44 IST on the NSE. The stock is down 18.14% in last one year as compared to a 27.67% gain in NIFTY and a 14.67% gain in the Nifty Bank.",https://www.business-standard.com/markets/capital-market-news/idfc-first-bank-ltd-spurts-2-57-rises-for-fifth-straight-session-124082200489_1.html,2024-08-22T07:30:00Z
"Radico Khaitan Ltd spurts 1.85%, up for fifth straight session","Radico Khaitan Ltd is quoting at Rs 1756.95, up 1.85% on the day as on 12:44 IST on the NSE. The stock is up 44.01% in last one year as compared to a 27.67% spurt in NIFTY and a 22.1% spurt in the Nifty FMCG.",https://www.business-standard.com/markets/capital-market-news/radico-khaitan-ltd-spurts-1-85-up-for-fifth-straight-session-124082200500_1.html,2024-08-22T07:30:00Z
"Bajaj Finance Ltd soars 0.3%, rises for fifth straight session","Bajaj Finance Ltd is quoting at Rs 6755.5, up 0.3% on the day as on 12:44 IST on the NSE. The stock is down 5.07% in last one year as compared to a 27.67% spurt in NIFTY and a 17.86% spurt in the Nifty Financial Services.",https://www.business-standard.com/markets/capital-market-news/bajaj-finance-ltd-soars-0-3-rises-for-fifth-straight-session-124082200499_1.html,2024-08-22T07:30:00Z
"Ashok Leyland Ltd spurts 0.71%, gains for five straight sessions","Ashok Leyland Ltd is quoting at Rs 262.1, up 0.71% on the day as on 12:44 IST on the NSE. The stock is up 39.71% in last one year as compared to a 27.67% gain in NIFTY and a 65.34% gain in the Nifty Auto.",https://www.business-standard.com/markets/capital-market-news/ashok-leyland-ltd-spurts-0-71-gains-for-five-straight-sessions-124082200494_1.html,2024-08-22T07:30:00Z
"Hero MotoCorp Ltd spurts 1.66%, up for fifth straight session","Hero MotoCorp Ltd is quoting at Rs 5372.6, up 1.66% on the day as on 12:44 IST on the NSE. The stock is up 82.01% in last one year as compared to a 27.67% jump in NIFTY and a 65.34% jump in the Nifty Auto.",https://www.business-standard.com/markets/capital-market-news/hero-motocorp-ltd-spurts-1-66-up-for-fifth-straight-session-124082200493_1.html,2024-08-22T07:30:00Z
RBL Bank Ltd gains for fifth session,"RBL Bank Ltd is quoting at Rs 231.59, up 1.53% on the day as on 12:44 IST on the NSE. The stock is up 0.6% in last one year as compared to a 27.67% gain in NIFTY and a 10.71% gain in the Nifty Private Bank.",https://www.business-standard.com/markets/capital-market-news/rbl-bank-ltd-gains-for-fifth-session-124082200513_1.html,2024-08-22T07:30:00Z
"Zee Entertainment Enterprises Ltd spurts 0.65%, up for five straight sessions","Zee Entertainment Enterprises Ltd is quoting at Rs 140.21, up 0.65% on the day as on 12:44 IST on the NSE. The stock is down 48.81% in last one year as compared to a 27.67% fall in NIFTY and a 7.46% fall in the Nifty Media.",https://www.business-standard.com/markets/capital-market-news/zee-entertainment-enterprises-ltd-spurts-0-65-up-for-five-straight-sessions-124082200503_1.html,2024-08-22T07:30:00Z
"Exide Industries Ltd spurts 0.71%, gains for five straight sessions","Exide Industries Ltd is quoting at Rs 511.6, up 0.71% on the day as on 12:44 IST on the NSE. The stock is up 90.82% in last one year as compared to a 27.67% gain in NIFTY and a 65.34% gain in the Nifty Auto.",https://www.business-standard.com/markets/capital-market-news/exide-industries-ltd-spurts-0-71-gains-for-five-straight-sessions-124082200495_1.html,2024-08-22T07:30:00Z
"Indian Oil Corporation Ltd soars 0.4%, rises for fifth straight session","Indian Oil Corporation Ltd is quoting at Rs 174.59, up 0.4% on the day as on 12:44 IST on the NSE. The stock is up 91.23% in last one year as compared to a 27.67% spurt in NIFTY and a 64.51% spurt in the Nifty Energy.",https://www.business-standard.com/markets/capital-market-news/indian-oil-corporation-ltd-soars-0-4-rises-for-fifth-straight-session-124082200496_1.html,2024-08-22T07:30:00Z
"Vedanta Ltd spurts 0.11%, gains for fifth straight session","Vedanta Ltd is quoting at Rs 455.8, up 0.11% on the day as on 12:44 IST on the NSE. The stock is up 91.51% in last one year as compared to a 27.67% jump in NIFTY and a 40.29% jump in the Nifty Metal.",https://www.business-standard.com/markets/capital-market-news/vedanta-ltd-spurts-0-11-gains-for-fifth-straight-session-124082200506_1.html,2024-08-22T07:30:00Z
AU Small Finance Bank Ltd up for five straight sessions,"AU Small Finance Bank Ltd is quoting at Rs 632.05, up 1.1% on the day as on 12:44 IST on the NSE. The stock is down 13.57% in last one year as compared to a 27.67% gain in NIFTY and a 14.67% gain in the Nifty Bank.",https://www.business-standard.com/markets/capital-market-news/au-small-finance-bank-ltd-up-for-five-straight-sessions-124082200492_1.html,2024-08-22T07:30:00Z
"Central Bank of India soars 0.87%, up for fifth straight session","Central Bank of India is quoting at Rs 61.23, up 0.87% on the day as on 12:44 IST on the NSE. The stock is up 71.27% in last one year as compared to a 27.67% spurt in NIFTY and a 52.68% spurt in the Nifty PSU Bank.",https://www.business-standard.com/markets/capital-market-news/central-bank-of-india-soars-0-87-up-for-fifth-straight-session-124082200510_1.html,2024-08-22T07:30:00Z
"Bandhan Bank Ltd spurts 1.5%, up for five straight sessions","Bandhan Bank Ltd is quoting at Rs 206.82, up 1.5% on the day as on 12:44 IST on the NSE. The stock is down 12.83% in last one year as compared to a 27.67% gain in NIFTY and a 14.67% gain in the Nifty Bank.",https://www.business-standard.com/markets/capital-market-news/bandhan-bank-ltd-spurts-1-5-up-for-five-straight-sessions-124082200491_1.html,2024-08-22T07:30:00Z
Bank of India gains for fifth session,"Bank of India is quoting at Rs 120.12, up 0.57% on the day as on 12:44 IST on the NSE. The stock is up 34.14% in last one year as compared to a 27.67% gain in NIFTY and a 52.68% gain in the Nifty PSU Bank.",https://www.business-standard.com/markets/capital-market-news/bank-of-india-gains-for-fifth-session-124082200511_1.html,2024-08-22T07:30:00Z
Dabur India Ltd gains for fifth session,"Dabur India Ltd is quoting at Rs 644.4, up 1.58% on the day as on 12:44 IST on the NSE. The stock is up 13.59% in last one year as compared to a 27.67% gain in NIFTY and a 22.1% gain in the Nifty FMCG.",https://www.business-standard.com/markets/capital-market-news/dabur-india-ltd-gains-for-fifth-session-124082200501_1.html,2024-08-22T07:30:00Z
"IDFC Ltd soars 2.19%, up for fifth straight session","IDFC Ltd is quoting at Rs 113.45, up 2.19% on the day as on 12:44 IST on the NSE. The stock is down 8.8% in last one year as compared to a 27.67% spurt in NIFTY and a 17.86% spurt in the Nifty Financial Services.",https://www.business-standard.com/markets/capital-market-news/idfc-ltd-soars-2-19-up-for-fifth-straight-session-124082200497_1.html,2024-08-22T07:30:00Z
Canara Bank gains for fifth session,"Canara Bank is quoting at Rs 112.26, up 0.56% on the day as on 12:44 IST on the NSE. The stock is up 68.76% in last one year as compared to a 27.67% spurt in NIFTY and a 52.68% spurt in the Nifty PSU Bank.",https://www.business-standard.com/markets/capital-market-news/canara-bank-gains-for-fifth-session-124082200512_1.html,2024-08-22T07:30:00Z
Biocon Ltd up for fifth session,"Biocon Ltd is quoting at Rs 358.2, up 0.9% on the day as on 12:44 IST on the NSE. The stock is up 37.58% in last one year as compared to a 27.67% spurt in NIFTY and a 47.68% spurt in the Nifty Pharma.",https://www.business-standard.com/markets/capital-market-news/biocon-ltd-up-for-fifth-session-124082200507_1.html,2024-08-22T07:30:00Z
"Indian Overseas Bank spurts 1.46%, rises for fifth straight session","Indian Overseas Bank is quoting at Rs 63.12, up 1.46% on the day as on 12:44 IST on the NSE. The stock is up 99.43% in last one year as compared to a 27.67% spurt in NIFTY and a 52.68% spurt in the Nifty PSU Bank.",https://www.business-standard.com/markets/capital-market-news/indian-overseas-bank-spurts-1-46-rises-for-fifth-straight-session-124082200508_1.html,2024-08-22T07:30:00Z
ACC shares rise 1.25 per cent in Thursday's trading session,The Relative Strength Index of the stock stood at 38.57 on Thursday.,https://economictimes.indiatimes.com/markets/stocks/stock-watch/acc-shares-rise-1-25-per-cent-in-thursdays-trading-session/articleshow/112704103.cms,2024-08-22T07:29:09Z
Ashok Leyland shares rise 0.71% as Sensex climbs,"A total of 346,435 shares changed hands on the counter till 12:43PM (IST)",https://economictimes.indiatimes.com/markets/stocks/stock-watch/ashok-leyland-shares-rise-0-71-as-sensex-climbs/articleshow/112703608.cms,2024-08-22T07:13:50Z
Barometers turn rangebound; bank shares in demand,"At 12:30 IST, the barometer index, the S&P BSE Sensex, jumped 216.16 points or 0.27% to 81,124.04. The Nifty 50 index added 62.60 points or 0.25% to 24,832.80.",https://www.business-standard.com/markets/capital-market-news/barometers-turn-rangebound-bank-shares-in-demand-124082200458_1.html,2024-08-22T07:04:00Z
REC shares up 0.12% as Nifty gains,"A total of 92,096 shares changed hands on the counter till 12:33PM (IST).",https://economictimes.indiatimes.com/markets/stocks/stock-watch/rec-shares-up-0-12-as-nifty-gains/articleshow/112703288.cms,2024-08-22T07:03:31Z
GAIL shares fall 0.23% as Nifty gains,"A total of 222,796 shares changed hands on the counter till time (IST).",https://economictimes.indiatimes.com/markets/stocks/stock-watch/gail-shares-fall-0-23-as-nifty-gains/articleshow/112702933.cms,2024-08-22T06:53:17Z
Nifty PSE off its all-time high; what's worrying the investors?,"In the past two months, major PSE index constituents are experiencing profit booking. Here's how analysts view the space",https://www.business-standard.com/markets/news/nifty-pse-off-its-all-time-high-what-s-worrying-the-investors-124082200387_1.html,2024-08-22T06:47:56Z
